accession,deposition_date,mzml_count,title,user,privacy,file_count
MSV000090910,2022-12-15,376,GNPS - Gregarine invertebrate hosts,Mauricio Caraballo (amcaraballor),Public,762
MSV000095013,2024-06-13,50,GNPS - Algal induction from a spotted salamander host,Mauricio Caraballo (amcaraballor),Public,118
MSV000095364,2024-07-17,11,GNPS - Preservative solvent 95% ethanol with ink labels - PRJ0,Marwa Tawfik (marwa38),Public,31
MSV000095540,2024-08-07,603,GNPS - Bolnick Alaska Experimental Evolution (2024) - PRJ7,Marwa Tawfik (marwa38),Public,1218
MSV000095620,2024-08-15,811,GNPS - Immune activation in lab-raised stickleback - PRJ3,Marwa Tawfik (marwa38),Public,1633
MSV000095704,2024-08-27,110,GNPS - Long Island Sound PFAS Effects on Fish - PRJ2,Marwa Tawfik (marwa38),Public,225
MSV000095708,2024-08-27,644,GNPS - Bolnick Alaska Experimental Evolution (2023) - PRJ1,Marwa Tawfik (marwa38),Public,1302
MSV000095734,2024-08-31,336,GNPS - Metabolomic divergence between genotypes of lab raised stickleback - PRJ4,Marwa Tawfik (marwa38),Public,683
MSV000095773,2024-09-05,548,GNPS - Fish-Tapeworm co-metabolomics (Fish Livers) - PRJ6_LIVERS,Marwa Tawfik (marwa38),Public,1101
MSV000095784,2024-09-05,870,"GNPS - Linking Ecology, Behavior, and Immunology to Spatio-Temporal Variation in Helminth Transmission - PRJ5",Marwa Tawfik (marwa38),Public,1751
MSV000095905,2024-09-19,2330,GNPS - Microbiome Reciprocal Transfer Experiment 2023 - Investigating the effect on the host of `mismatched` microbiomes,Mirte C. M. Kuijpers (mcmk3),Public,4692
MSV000096470,2024-11-19,89,GNPS - Eelgrass rhizosphere exometabolites Exp1 LC-MS2 POS,Mauricio Caraballo (amcaraballor),Public,270
MSV000096471,2024-11-19,89,GNPS - Eelgrass rhizosphere exometabolites Exp1 LC-MS2 NEG,Mauricio Caraballo (amcaraballor),Public,359
MSV000096599,2024-12-05,95,GNPS - SDZWA Elephant and Rhino Milk Untargeted LC-MSMS POS,Mauricio Caraballo (amcaraballor),Public,294
MSV000096600,2024-12-05,95,GNPS - SDZWA Elephant and Rhino Milk Untargeted LC-MSMS NEG,Mauricio Caraballo (amcaraballor),Public,389
MSV000096609,2024-12-07,888,GNPS - NASTE DOM and coral tissue nutrient dosing experiment,Mauricio Caraballo (amcaraballor),Public,3247
MSV000096631,2024-12-10,89,GNPS - Symbiotic squid minimum biomass test POS,Mauricio Caraballo (amcaraballor),Public,270
MSV000096632,2024-12-10,89,GNPS - Symbiotic squid minimum biomass test NEG,Mauricio Caraballo (amcaraballor),Public,359
MSV000096639,2024-12-11,125,GNPS - daily surfing sampling test set 1 POS,Mauricio Caraballo (amcaraballor),Public,378
MSV000096652,2024-12-13,59,GNPS - Porewater sampling test,Mauricio Caraballo (amcaraballor),Public,186
MSV000096662,2024-12-13,175,GNPS - Daphnia dentifera - Metschnikowia bicuspidata host-pathogen system,Mauricio Caraballo (amcaraballor),Public,709
MSV000096773,2025-01-03,147,Freshwater Assembly Experiment (Exudates 2024) - Jackrel Lab,Mirte C. M. Kuijpers (mcmk3),Public,1166
MSV000096796,2025-01-07,36,GNPS - Sponge and plants profiling,Mauricio Caraballo (amcaraballor),Public,115
MSV000096888,2025-01-17,68,GNPS - Siderophore in fresh water microbial community,Mauricio Caraballo (amcaraballor),Public,215
MSV000097243,2025-03-05,147,GNPS - Botswana Metsi Chabo Babayani 2025,Kenosi (KenosiK),Public,884
MSV000097316,2025-03-13,318,GNPS - Divergence of Marine Symbiosis After the Rise of the Isthmus of Panama,Mauricio Caraballo (amcaraballor),Public,965
MSV000097449,2025-03-26,181,GNPS - Blood-brain barrier role in metabolite regulation via excitatory amino acid transporter 3,Mauricio Caraballo (amcaraballor),Public,561
MSV000097735,2025-04-25,30,GNPS - Corals Metabolomic Profile to Establish Coral Cell Culture,Mauricio Caraballo (amcaraballor),Public,131
MSV000097754,2025-04-29,132,GNPS - Metabolomics of Arbacia lixula development,Mauricio Caraballo (amcaraballor),Public,539
MSV000097783,2025-05-02,295,GNPS - Juvenile squids for tissue-specific distribution metabolomics study,Mauricio Caraballo (amcaraballor),Public,896
MSV000097813,2025-05-06,141,GNPS - Algal induction from a spotted salamander host dataset 2 POS,Mauricio Caraballo (amcaraballor),Public,575
MSV000097814,2025-05-06,141,GNPS - Algal induction from a spotted salamander host dataset 2 NEG,Mauricio Caraballo (amcaraballor),Public,433
MSV000097815,2025-05-07,142,GNPS - Production of chemoattractant molecules during juvenile coral development,Mauricio Caraballo (amcaraballor),Public,437
MSV000097940,2025-05-20,97,GNPS - Eelgrass Diversity Mesocosm Experiment,Mauricio Caraballo (amcaraballor),Public,303
MSV000098055,2025-05-30,1428,GNPS - Investigating the role of gut metabolites in lizard physiology and fitness,Mauricio Caraballo (amcaraballor),Public,4303
MSV000098069,2025-06-06,68,GNPS - Reef-building coral holobionts from Ranobe Bay Madagascar - POS,Mauricio Caraballo (amcaraballor),Public,216
MSV000098070,2025-06-06,68,GNPS - Reef-building coral holobionts from Ranobe Bay Madagascar - NEG,Mauricio Caraballo (amcaraballor),Public,280
MSV000098257,2025-06-18,420,GNPS - Shifts in Zostera marina metabolites with heat stress exposure,Mauricio Caraballo (amcaraballor),Public,1271
MSV000098307,2025-06-24,135,Discovery of novel binding molecules for plant-associated Proteobacterial LuxR solos (QS-derived),Cristina (cbez),Public,312
MSV000098308,2025-06-24,4,GNPS - HSL chemical standards,Mauricio Caraballo (amcaraballor),Public,18
MSV000099130,2025-09-11,161,GNPS - Methanolic extracts containing Bile acids BAX 1889 - 2000,Mauricio Caraballo (amcaraballor),Public,490
MSV000099141,2025-09-12,12,GNPS - Microbial extracts of Staphylococcus epidermidis strains Se21 and Se1457,Mauricio Caraballo (amcaraballor),Public,43
MSV000099145,2025-09-12,437,GNPS - SDZWA Elephant and Rhino Fecal Untargeted LC-MSMS POS,Mauricio Caraballo (amcaraballor),Public,1318
MSV000099230,2025-09-18,15,GNPS - DNA-associated lipids from AD,Mauricio Caraballo (amcaraballor),Public,57
MSV000099356,2025-10-02,65,Identification of pigmented compounds linked to LuxR solos in plant-associated bacteria,Cristina (cbez),Public,131
MSV000099737,2025-11-04,99,GNPS - Crustose coralline algae (CCA),Mauricio Caraballo (amcaraballor),Public,360
MSV000099738,2025-11-04,450,GNPS - Lahaina wildfire Project,Mauricio Caraballo (amcaraballor),Public,1358
MSV000099843,2025-11-11,517,GNPS - Microbial decomposition of fresh leaf tissue,Mauricio Caraballo (amcaraballor),Public,1557
MSV000099945,2025-11-18,1268,GNPS - Unraveling Environmental Drivers of Pseudo-nitzschia Harmful Algal Blooms,Mauricio Caraballo (amcaraballor),Public,3820
MSV000099966,2025-11-19,21,GNPS - Synthetic FA-derivatives for chemical structure confirmation,Mauricio Caraballo (amcaraballor),Public,69
MSV000100005,2025-11-24,157,GNPS - Orbicella faveolata spawning project,Mauricio Caraballo (amcaraballor),Public,477
MSV000100093,2025-12-03,525,GNPS - OAE (ocean alkalinity enhancement) project,Mauricio Caraballo (amcaraballor),Public,1585
MSV000100108,2025-12-04,15,GNPS - Metabolomics in Daphnia - Metschnikowia System [test biomass 2],Mauricio Caraballo (amcaraballor),Public,51
MSV000100109,2025-12-04,20,GNPS - eDNAID Thrust 3 test samples M01,Mauricio Caraballo (amcaraballor),Public,66
MSV000100150,2025-12-08,198,GNPS - Corals Metabolomic Profile to Establish Coral Cell Culture time-series experiment,Mauricio Caraballo (amcaraballor),Public,606
MSV000100177,2025-12-10,20,GNPS - eDNAID Thrust 3 test samples M02,Mauricio Caraballo (amcaraballor),Public,66
MSV000100178,2025-12-10,20,GNPS - eDNAID Thrust 3 test samples M03,Mauricio Caraballo (amcaraballor),Public,66
MSV000100751,2026-02-06,6,GNPS - RA fibroblasts extraction small test,Mauricio Caraballo (amcaraballor),Public,24
MSV000100981,2026-02-26,186,GNPS - Decoding the lipid signaling molecular network of marine symbiosis,Mauricio Caraballo (amcaraballor),Public,576
MSV000101242,2026-03-25,9,GNPS - OMV from A. fischeri WT and dLux,Mauricio Caraballo (amcaraballor),Public,38
MSV000101243,2026-03-25,121,GNPS - Mushroom and South African Plants Phytochemical Analysis,Mauricio Caraballo (amcaraballor),Public,490
MSV000101255,2026-03-26,224,GNPS - Pyrogenic ash projects and Anemones interaction,Mauricio Caraballo (amcaraballor),Public,678
MSV000101256,2026-03-27,14,GNPS - Extracts from Prymnesium parvum 12B1,Mauricio Caraballo (amcaraballor),Public,48
MSV000101299,2026-03-30,133,GNPS - Resilience of Tropical Eastern Pacific corals,Mauricio Caraballo (amcaraballor),Public,411
MSV000101310,2026-03-31,15,GNPS - Minderoo Validation Samples eDNAID Thrust 3  Test 2,Mauricio Caraballo (amcaraballor),Public,51
MSV000101574,2026-04-24,383,GNPS - URoL:EN: Does re-wilding lead to re-wiring of gene expression and species interaction networks? PRJ8 AK Lakes,Mauricio Caraballo (amcaraballor),Public,1155
MSV000102524,2026-07-17,0,GNPS - Reciprocal genetics of recently evolved vertebrate immunity and helminth counter adaptation,Mauricio Caraballo (amcaraballor),Public,6913
MSV000102598,2026-07-24,0,GNPS - OMV from A. fischeri WT and dLux and standards MT1-9,Mauricio Caraballo (amcaraballor),Public,162
MSV000102671,2026-07-30,0,GNPS - coral and algae extracts comparison across time - instruments and LC columns - POS KC18,Mauricio Caraballo (amcaraballor),Public,335
MSV000102672,2026-07-30,0,GNPS - coral and algae extracts comparison across time - instruments and LC columns - NEG KC18,Mauricio Caraballo (amcaraballor),Public,336
MSV000102673,2026-07-30,0,GNPS - coral and algae extracts comparison across time - instruments and LC columns - POS PC18,Mauricio Caraballo (amcaraballor),Public,336
MSV000102674,2026-07-30,0,GNPS - coral and algae extracts comparison across time - instruments and LC columns - NEG PC18,Mauricio Caraballo (amcaraballor),Public,336
MSV000102675,2026-07-30,0,GNPS - coral and algae extracts comparison across time - instruments and LC columns - POS SC18,Mauricio Caraballo (amcaraballor),Public,336
